"","DGP","Model","PEHE","SE"
"Not Sparse.BCF","Not Sparse","BCF",0.980939951257882,0.0269676817032278
"Sparse PS.BCF","Sparse PS","BCF",0.930384366257158,0.0253607311428168
"Sparse Mu.BCF","Sparse Mu","BCF",0.874161214964185,0.0250882727406652
"Sparse Tau.BCF","Sparse Tau","BCF",0.673866569023576,0.0176020607086179
"Not Sparse.SH-BCF","Not Sparse","SH-BCF",0.945860188686594,0.0271979266901758
"Sparse PS.SH-BCF","Sparse PS","SH-BCF",0.90780199060248,0.0253247834220828
"Sparse Mu.SH-BCF","Sparse Mu","SH-BCF",0.829275327587535,0.0250856869168917
"Sparse Tau.SH-BCF","Sparse Tau","SH-BCF",0.659096548207172,0.0191737427824743
