"","DGP","Model","PEHE","SE"
"Not Sparse.BCF","Not Sparse","BCF",0.980939951257882,0.0269676817032278
"Sparse PS.BCF","Sparse PS","BCF",0.94438559259723,0.025823717266421
"Sparse Mu.BCF","Sparse Mu","BCF",0.88349239967228,0.0255855120464741
"Sparse Tau.BCF","Sparse Tau","BCF",0.678610371045452,0.0170626898160477
"Not Sparse.SH-BCF","Not Sparse","SH-BCF",0.945860188686594,0.0271979266901758
"Sparse PS.SH-BCF","Sparse PS","SH-BCF",0.923852692896944,0.0260613696619463
"Sparse Mu.SH-BCF","Sparse Mu","SH-BCF",0.849810426535477,0.0267287496493945
"Sparse Tau.SH-BCF","Sparse Tau","SH-BCF",0.675757948938354,0.0181148508191838
